Client_ID,Monthly_Spend,Support_Tickets,Contract_Length,Service_Usage,Customer_Satisfaction,Renewal_History,Client_Status
2001,960,12,4,76,78,0,At_Risk
2002,3872,19,25,96,70,2,At_Risk
2003,3192,14,3,21,57,0,Churned
2004,566,2,32,29,75,3,At_Risk
2005,4526,7,3,14,41,1,Churned
2006,3544,19,27,46,53,4,Churned
2007,3271,15,29,47,52,1,Churned
2008,3019,12,32,18,68,3,At_Risk
2009,230,17,19,62,51,1,Churned
2010,1785,9,21,53,78,1,At_Risk
2011,869,18,5,95,41,3,Churned
2012,2491,16,18,33,71,1,At_Risk
2013,2533,18,28,90,52,2,Churned
2014,1284,4,22,83,85,2,Retained
2015,4655,8,21,39,66,1,At_Risk
2016,3485,11,6,68,88,4,Retained
2017,4217,0,1,96,80,3,Retained
2018,4943,0,5,90,56,2,Churned
2019,3004,14,12,90,79,4,At_Risk
2020,574,1,26,23,70,1,At_Risk
2021,1182,15,34,18,73,4,At_Risk
2022,2658,7,14,49,99,0,Retained
2023,2147,12,26,75,63,2,At_Risk
2024,2847,0,27,34,84,1,Retained
2025,1075,15,9,82,74,3,At_Risk
2026,1906,6,26,31,87,1,Retained
2027,289,4,22,13,45,3,Churned
2028,2834,2,30,35,58,1,Churned
2029,3105,11,17,67,69,4,At_Risk
2030,4758,15,26,38,46,4,Churned
2031,1999,18,1,96,49,4,Churned
2032,1367,4,8,46,80,0,Retained
2033,1628,13,35,84,71,3,At_Risk
2034,3302,4,15,79,73,4,At_Risk
2035,3656,14,22,27,67,0,At_Risk
2036,3990,16,14,94,99,3,Retained
2037,746,13,26,51,54,1,Churned
2038,2988,19,28,50,69,0,At_Risk
2039,2535,4,23,47,76,2,At_Risk
2040,700,11,14,43,68,0,At_Risk
2041,2463,15,24,26,61,0,At_Risk
2042,2161,15,2,46,43,3,Churned
2043,341,6,26,34,59,1,Churned
2044,2141,3,14,85,71,2,At_Risk
2045,2924,0,7,96,75,4,At_Risk
2046,2712,4,3,95,89,4,Retained
2047,1463,9,23,94,43,0,Churned
2048,1578,4,18,36,66,3,At_Risk
2049,2656,3,35,66,56,3,Churned
2050,875,1,15,40,51,4,Churned
2051,4114,19,25,15,61,2,At_Risk
2052,134,9,28,49,56,1,Churned
2053,3252,18,10,21,49,2,Churned
2054,2055,0,17,62,93,1,Retained
2055,1685,4,22,80,40,4,Churned
2056,4043,12,26,19,61,1,At_Risk
2057,3173,3,25,54,65,3,At_Risk
2058,1121,15,17,26,95,0,Retained
2059,3561,15,13,35,98,0,Retained
2060,2713,1,20,94,57,4,Churned
2061,3943,16,25,71,89,3,Retained
2062,1600,19,4,55,53,2,Churned
2063,4898,11,10,73,86,3,Retained
2064,261,17,3,11,68,0,At_Risk
2065,4397,2,18,63,51,0,Churned
2066,2081,0,22,74,75,3,At_Risk
2067,1095,0,34,60,98,3,Retained
2068,3442,18,8,62,74,0,At_Risk
2069,4651,10,19,45,91,2,Retained
2070,3898,4,6,35,51,4,Churned
2071,1375,11,26,38,46,4,Churned
2072,1116,2,34,30,68,3,At_Risk
2073,437,0,6,20,50,4,Churned
2074,978,0,33,49,72,0,At_Risk
2075,1176,7,22,20,45,0,Churned
2076,4987,9,21,45,86,3,Retained
2077,4093,10,6,68,54,3,Churned
2078,4959,11,6,48,71,3,At_Risk
2079,479,12,4,63,90,2,Retained
2080,592,11,30,64,50,4,Churned
2081,2162,13,11,33,97,3,Retained
2082,3984,1,30,31,62,1,At_Risk
2083,164,18,31,78,65,1,At_Risk
2084,2668,17,24,65,73,0,At_Risk
2085,2127,2,9,42,85,4,Retained
2086,2795,16,3,45,73,3,At_Risk
2087,1595,7,31,29,68,1,At_Risk
2088,491,9,24,92,43,4,Churned
2089,4614,1,31,90,56,0,Churned
2090,4574,18,6,71,74,2,At_Risk
2091,3661,8,2,82,52,4,Churned
2092,2378,6,20,35,80,4,Retained
2093,3199,3,28,75,78,2,At_Risk
2094,300,17,11,82,54,4,Churned
2095,4975,12,4,82,94,0,Retained
2096,3204,10,15,49,68,0,At_Risk
2097,4698,3,6,26,68,2,At_Risk
2098,2554,3,30,10,50,3,Churned
2099,3745,9,2,98,91,1,Retained
2100,904,4,15,70,71,3,At_Risk
2101,2831,8,11,52,41,4,Churned
2102,2873,2,8,51,86,1,Retained
2103,1670,16,26,34,53,2,Churned
2104,2790,2,5,48,59,2,Churned
2105,3940,15,6,44,61,1,At_Risk
2106,1128,3,26,12,50,0,Churned
2107,602,17,4,53,66,1,At_Risk
2108,4593,16,19,60,42,4,Churned
2109,970,6,20,21,56,0,Churned
2110,4588,4,33,28,83,2,Retained
2111,306,11,20,53,95,1,Retained
2112,1584,16,12,68,67,3,At_Risk
2113,963,12,1,58,68,3,At_Risk
2114,2890,2,26,70,60,4,At_Risk
2115,663,8,14,26,86,3,Retained
2116,4291,16,11,83,55,1,Churned
2117,1857,16,13,66,76,1,At_Risk
2118,1778,19,3,64,98,3,Retained
2119,3342,15,33,56,59,1,Churned
2120,4736,12,6,21,45,4,Churned
2121,1159,18,10,71,58,0,Churned
2122,1822,16,5,89,96,4,Retained
2123,3414,3,23,97,44,4,Churned
2124,3257,11,10,92,42,1,Churned
2125,2725,8,2,17,98,0,Retained
2126,2829,18,13,30,40,1,Churned
2127,1697,11,2,90,97,2,Retained
2128,3160,8,20,96,99,1,Retained
2129,2793,6,1,89,77,1,At_Risk
2130,4991,13,9,79,54,1,Churned
2131,3727,19,17,81,73,0,At_Risk
2132,1463,18,9,34,74,1,At_Risk
2133,2081,14,11,91,88,0,Retained
2134,1763,15,15,98,64,3,At_Risk
2135,1629,4,24,21,63,2,At_Risk
2136,2138,2,35,24,51,0,Churned
2137,3402,11,30,68,57,3,Churned
2138,2337,19,31,35,54,0,Churned
2139,1406,3,5,35,83,0,Retained
2140,4129,15,14,56,55,2,Churned
2141,2775,6,11,41,66,4,At_Risk
2142,1382,12,9,19,47,4,Churned
2143,809,9,34,25,99,0,Retained
2144,4844,6,12,80,85,1,Retained
2145,4513,13,35,26,64,3,At_Risk
2146,3848,4,35,32,56,1,Churned
2147,4879,2,1,35,68,1,At_Risk
2148,763,10,22,94,92,0,Retained
2149,2098,10,29,95,47,0,Churned
2150,3545,17,8,16,54,0,Churned
2151,3843,14,11,23,66,0,At_Risk
2152,1595,11,14,88,85,4,Retained
2153,3404,8,30,16,89,0,Retained
2154,3863,9,35,18,91,4,Retained
2155,1953,11,21,57,46,4,Churned
2156,4759,16,5,81,42,0,Churned
2157,1391,5,19,68,68,2,At_Risk
2158,3681,6,14,96,83,3,Retained
2159,3557,13,26,91,92,1,Retained
2160,1736,12,4,48,63,4,At_Risk
2161,3796,7,25,27,99,3,Retained
2162,3099,9,25,68,97,2,Retained
2163,3252,8,18,26,42,1,Churned
2164,798,17,8,23,59,1,Churned
2165,2260,1,14,40,85,4,Retained
2166,4197,4,32,33,54,0,Churned
2167,4837,4,33,69,64,2,At_Risk
2168,954,5,23,54,69,4,At_Risk
2169,3574,18,15,12,53,2,Churned
2170,1807,7,33,46,46,0,Churned
2171,2877,15,25,52,56,0,Churned
2172,1833,12,17,49,83,4,Retained
2173,3610,0,33,99,59,0,Churned
2174,302,19,2,64,75,3,At_Risk
2175,3355,16,14,96,48,1,Churned
2176,4318,6,6,48,77,4,At_Risk
2177,4596,12,6,24,87,2,Retained
2178,866,3,3,13,96,3,Retained
2179,4489,3,7,95,99,4,Retained
2180,2427,5,8,34,61,0,At_Risk
2181,3031,18,15,22,93,0,Retained
2182,297,11,29,91,92,0,Retained
2183,2030,6,33,42,92,0,Retained
2184,3682,9,30,25,41,2,Churned
2185,708,18,27,51,63,3,At_Risk
2186,3372,6,29,75,47,1,Churned
2187,1247,2,33,64,50,2,Churned
2188,4382,12,27,51,52,2,Churned
2189,3497,12,33,43,56,1,Churned
2190,2611,17,4,39,47,1,Churned
2191,1894,19,22,22,60,0,At_Risk
2192,759,7,2,22,57,2,Churned
2193,2911,8,10,27,69,4,At_Risk
2194,1469,6,5,41,57,1,Churned
2195,2086,0,10,48,85,1,Retained
2196,246,2,33,55,86,3,Retained
2197,3319,12,13,38,70,4,At_Risk
2198,3011,16,31,71,77,4,At_Risk
2199,1834,0,24,71,71,1,At_Risk
2200,1943,5,15,66,50,0,Churned
2201,588,5,29,25,84,3,Retained
2202,3076,11,8,65,64,4,At_Risk
2203,2059,12,5,19,72,1,At_Risk
2204,2485,12,29,39,99,4,Retained
2205,3019,14,4,34,77,3,At_Risk
2206,4836,15,12,93,80,3,Retained
2207,1902,10,2,14,47,2,Churned
2208,4161,4,27,74,50,1,Churned
2209,3469,3,31,58,61,3,At_Risk
2210,362,2,26,12,90,2,Retained
2211,723,18,27,54,63,2,At_Risk
2212,1116,19,5,23,80,4,Retained
2213,3743,17,20,39,56,4,Churned
2214,2149,14,11,77,51,2,Churned
2215,3823,8,10,27,96,4,Retained
2216,4648,16,6,71,85,3,Retained
2217,3208,13,8,46,71,0,At_Risk
2218,4190,14,23,34,54,3,Churned
2219,2156,0,26,57,55,2,Churned
2220,3270,2,12,74,93,2,Retained
2221,1782,15,26,62,61,3,At_Risk
2222,2355,10,13,88,67,4,At_Risk
2223,1254,11,18,82,59,4,Churned
2224,4599,9,25,24,72,2,At_Risk
2225,3291,15,33,58,49,1,Churned
2226,1796,7,12,97,79,4,At_Risk
2227,4091,5,4,77,71,3,At_Risk
2228,4823,11,5,21,89,4,Retained
2229,4782,7,8,68,99,3,Retained
2230,1748,3,28,46,72,2,At_Risk
2231,1545,7,31,70,41,4,Churned
2232,4299,17,9,52,72,3,At_Risk
2233,4023,4,29,79,72,2,At_Risk
2234,353,8,14,48,80,1,Retained
2235,3283,3,22,65,52,3,Churned
2236,2657,16,11,72,69,1,At_Risk
2237,198,8,23,55,72,1,At_Risk
2238,2300,0,1,97,52,0,Churned
2239,3061,19,21,20,91,4,Retained
2240,4533,12,26,71,65,3,At_Risk
2241,3877,15,23,86,61,1,At_Risk
2242,2969,12,1,34,78,0,At_Risk
2243,3334,13,15,80,41,2,Churned
2244,3891,2,21,61,77,3,At_Risk
2245,1056,5,9,13,78,1,At_Risk
2246,4167,17,9,68,65,4,At_Risk
2247,260,18,10,81,85,0,Retained
2248,4593,4,26,29,97,1,Retained
2249,1400,14,35,72,89,4,Retained
2250,4087,1,25,63,54,1,Churned
2251,1627,9,26,83,73,3,At_Risk
2252,1318,17,11,66,81,3,Retained
2253,4596,12,2,99,94,3,Retained
2254,4835,4,7,50,83,0,Retained
2255,3204,0,18,12,88,3,Retained
2256,2835,0,27,15,79,4,At_Risk
2257,4655,17,34,14,50,1,Churned
2258,1054,14,27,14,42,2,Churned
2259,4665,16,17,63,98,4,Retained
2260,3546,10,24,56,45,4,Churned
2261,1145,16,25,96,48,3,Churned
2262,1793,12,7,58,45,0,Churned
2263,3536,0,6,18,48,1,Churned
2264,662,1,24,29,78,0,At_Risk
2265,2585,8,33,70,70,1,At_Risk
2266,3454,2,29,44,71,1,At_Risk
2267,325,0,22,59,80,0,Retained
2268,4993,15,26,91,89,4,Retained
2269,1059,5,28,71,51,1,Churned
2270,4648,16,21,26,47,0,Churned
2271,3167,4,7,97,47,1,Churned
2272,915,4,17,12,89,2,Retained
2273,4854,5,20,41,67,4,At_Risk
2274,4742,2,20,22,59,3,Churned
2275,3220,4,22,98,86,1,Retained
2276,116,4,28,82,98,2,Retained
2277,1343,9,7,77,46,3,Churned
2278,2305,9,1,23,50,3,Churned
2279,2624,18,32,20,59,1,Churned
2280,1169,16,13,65,55,0,Churned
2281,3544,13,30,76,43,1,Churned
2282,2665,8,23,38,45,2,Churned
2283,1160,13,19,18,97,3,Retained
2284,2427,0,32,76,61,1,At_Risk
2285,3520,18,30,34,65,0,At_Risk
2286,401,12,29,85,42,1,Churned
2287,4376,12,29,51,80,4,Retained
2288,706,3,30,18,99,0,Retained
2289,3270,0,16,88,81,2,Retained
2290,799,16,19,49,53,3,Churned
2291,1239,7,18,34,50,1,Churned
2292,290,1,1,14,57,0,Churned
2293,2400,7,14,20,93,4,Retained
2294,1080,6,2,68,51,0,Churned
2295,3075,1,28,97,62,4,At_Risk
2296,1284,2,30,88,51,2,Churned
2297,3427,17,4,47,52,3,Churned
2298,3494,11,1,81,64,2,At_Risk
2299,227,0,8,14,84,1,Retained
2300,2165,11,29,57,90,0,Retained
2301,1916,4,3,99,97,4,Retained
2302,669,16,32,27,58,4,Churned
2303,1995,15,10,79,94,0,Retained
2304,2833,14,10,46,85,0,Retained
2305,3963,14,19,69,75,1,At_Risk
2306,4821,4,34,57,84,2,Retained
2307,4114,13,33,86,47,4,Churned
2308,3001,1,23,37,68,1,At_Risk
2309,1786,10,28,78,94,2,Retained
2310,3109,18,32,86,92,1,Retained
2311,254,6,7,90,94,4,Retained
2312,2637,5,29,49,71,0,At_Risk
2313,1509,1,8,54,90,0,Retained
2314,4157,5,1,71,83,2,Retained
2315,884,17,3,67,57,3,Churned
2316,3275,1,24,76,45,2,Churned
2317,4441,17,23,65,57,3,Churned
2318,2906,14,8,49,58,1,Churned
2319,637,18,3,49,61,1,At_Risk
2320,1941,1,33,86,76,4,At_Risk
2321,2555,19,28,42,71,3,At_Risk
2322,624,5,8,15,95,4,Retained
2323,3050,0,34,97,80,0,Retained
2324,4231,14,35,28,98,3,Retained
2325,4880,9,32,89,42,2,Churned
2326,4215,18,24,49,67,0,At_Risk
2327,2468,16,14,68,49,0,Churned
2328,3947,4,32,68,90,2,Retained
2329,4595,3,16,57,74,0,At_Risk
2330,2801,9,4,50,68,3,At_Risk
2331,1071,16,21,22,93,4,Retained
2332,1266,9,14,54,54,0,Churned
2333,2874,16,31,98,72,3,At_Risk
2334,2082,19,18,62,46,1,Churned
2335,953,4,7,51,51,3,Churned
2336,4246,1,10,72,88,4,Retained
2337,3836,5,7,36,69,3,At_Risk
2338,3869,1,33,47,60,2,At_Risk
2339,674,12,23,69,70,4,At_Risk
2340,3361,10,21,16,97,1,Retained
2341,1248,10,19,14,63,2,At_Risk
2342,1815,15,19,54,59,3,Churned
2343,4877,10,29,67,76,4,At_Risk
2344,3954,18,18,40,43,1,Churned
2345,2591,14,2,32,67,2,At_Risk
2346,2760,15,1,51,83,1,Retained
2347,3224,10,5,19,59,3,Churned
2348,3151,15,20,41,99,1,Retained
2349,104,7,11,62,63,0,At_Risk
2350,4969,3,2,39,89,2,Retained
